Key,Description,Standard,Kobun
SAY.Flowchart.406.,,異世界転生した主人公が勇者として魔王を倒す王道RPG　と言えばよく聞く話であろう。,遊戯の世に召されし者の、兵（つわもの）が魔王を討つ物語とは、よく聞かん話。
SAY.Flowchart.409.,,彼もこのゲームを気に入っていた。,彼もまたかの物語を好めり。
SAY.Flowchart.408.,,ゲームに異世界転生できたらどうだろう。夢のような話である。,遊戯の世に召されるにや、夢見心地にある。
SAY.Flowchart.407.,,しかし、勇者はそれに気づいていなかった。\n,然して兵（つわもの）のその縁に気づくことあらざりけり。\n
SAY.Flowchart.1.,,大都会の足元に佇む代々木、\nこの地には代々木キャンパスと呼ばれる学園があった。,大きなる町の横にて佇む代々木、かの地には、名を代々木キャンパスとなむ言ひける学園ありけり。
SAY.Flowchart.2.,,人々が行き交う喧騒な街のすぐ側。\nしかしその立地の割には平穏な時間が流れる学園。,人々の行き交ふかまびすしき町の横にあれども、静かなる時の流るる学園。
SAY.Flowchart.3.,,学園生活は平和そのもの。\n誰一人としてこの空間に疑問を抱く者は居なかった。,世は平穏、誰か学園に悩みのあらむ。
SAY.Flowchart.227.,,....。,…。
SAY.Flowchart.9.,,しかし、本当にそうだろうか。,然して、それは真か。
SAY.Flowchart.4.,,今を生きる者は歴史を知らない。,今に生きる者、歴史を知らず。
SAY.Flowchart.5.,,この地にまつわる伝説を、人々はまだ知らない。,かの地にまつはる伝説を知らず。
SAY.Flowchart.218.,,先住民は口を揃えてこう言った。,住み渡りし者、口を揃えてかく言いけり。
SAY.Flowchart.7.,,「この地には、ヌシが捕らえられている」と。,「かの地、”ぬし”の捕らわれし所なり。」と。
SAY.Flowchart.20.,,これは、100年前のこの地で起きた\n一人の勇者の物語である。,此れは遥か百年前の、かの地のある兵の物語にあり。
SAY.Flowchart.19.,,冒険者ギルド 受付,侍所 受付
SAY.Flowchart.15.,,いらっしゃい。\nおや、見かけない顔だね。新人さんかな？,御座候ふ。珍しき顔やある。新人か。
SAY.Flowchart.23.,,ここは「冒険者ギルド」だ。\n君も冒険者になりたいなら、あっちで登録を済ませておいで。,ここは侍所。其方の志あらば、登録を済ますべし。
SAY.Flowchart.26.受付,,よーっ！新人さん！\nここは冒険者ギルドだ,新人や。ここは侍所なり。
SAY.Flowchart.359.受付,,まずは登録から！\n登録する名前が決まったら声をかけてくれ！,登録を済ますべし。其方の名を定めては、我に声をかけ給へ。
SAY.Flowchart.30.受付,,「{$player_name}」\nこの名前で申請していいかな？,「{$player_name}」これ其方の名前となるは、良きか？
MENU.Flowchart.31,,「{$player_name}」で登録,然るべし
MENU.Flowchart.33,,考え直す,思ひ止む
SAY.Flowchart.38.受付,,君、{$player_name}って言うのか！\nハハハ、かつてこの世界を救ってくれた勇者の名前にそっくりだなあ！,其方、名を「{$player_name}」と言ふか。あなめでたきこと、かつてこの世を救いし兵の名に似たり。
SAY.Flowchart.360.受付,,君には期待できそうだ！がんばって！,其方の栄華こころよせにして侍り。御武運を。
SAY.Flowchart.43.,,冒険者ギルドへの登録が完了した！,侍所に入れり！
SAY.Flowchart.35.受付,,じっくり考えな！大事な名前だ。,考え給へ。名は其方の宝なり。
SAY.Flowchart.58.NATO,,NATOOOOOOOOO!!!,北大西洋条約機構。
SAY.Flowchart.173.NATO,,NATOの序文読みます,いざ、英語にて北大西洋条約機構の条文を読まん。
SAY.Flowchart.64.NATO,,The Parties to this Treaty reaffirm their faith in the purposes and principles of the Charter of,The Parties to this Treaty reaffirm their faith in the purposes and principles of the Charter of
SAY.Flowchart.72.NATO,,the United Nations and their desire to live in peace with all peoples and all governments.,the United Nations and their desire to live in peace with all peoples and all governments.
SAY.Flowchart.65.NATO,,"They are determined to safeguard the freedom, common heritage and civilisation of their peoples, founded on the principles of democracy,","They are determined to safeguard the freedom, common heritage and civilisation of their peoples, founded on the principles of democracy,"
SAY.Flowchart.66.NATO,,individual liberty and the rule of\nlaw. They seek to promote stability and well-being in the North Atlantic area.\n,individual liberty and the rule of\nlaw. They seek to promote stability and well-being in the North Atlantic area.\n
SAY.Flowchart.67.NATO,,They are resolved to unite their efforts for collective defence and for the preservation of peace and security.,They are resolved to unite their efforts for collective defence and for the preservation of peace and security.
SAY.Flowchart.68.NATO,,They therefore agree to this North Atlantic Treaty:\nArticle 1\nThe Parties underta,They therefore agree to this North Atlantic Treaty:\nArticle 1\nThe Parties underta
SAY.Flowchart.69.,,あ、もう大丈夫です。,良きかな。
MENU.Flowchart.1131,,ナレ爺？,慣爺？
SAY.Flowchart.60.Mosscama,,MOSSCAMA~~~~~,苔蒲。
MENU.Flowchart.1125,,ナレ爺？,慣爺？
SAY.Flowchart.111.{$player_name},,！？,！？
SAY.Flowchart.112.,,"""ヌシ""だ！耳を塞げ！",ぬしなり、耳を塞ぎ給へ！
SAY.Flowchart.128.旅人,,"今のは""ヌシ""の音だ。",今ここにありしはぬしなり。
SAY.Flowchart.130.旅人,,新人だな？反応を見れば分かる。\n私もギルドに所属する冒険者の一人だ。\n今は二階を旅している。よろしく。,新人か、見て知らえぬ。我も侍所の一人にありては、今は二階を旅す。よろしく願い奉りはべり。
SAY.Flowchart.361.受付,,この子は大型新人ですよー！\n名前も「{$player_name}」って言うんですよ！かつての勇者の名前にそっくり！,かの新人はなのめならず、名を「{$player_name}」と言ふ。かの兵に似たるは驚きたり。
SAY.Flowchart.362.旅人,,なんだって！！？,あなや！
SAY.Flowchart.365.旅人,,ってことはもしかして、お前のその右腰にぶら下げている剣は、,然るべくして、其方のその腰に携ふ剣は、
SAY.Flowchart.363.旅人,,"{punch=3,1}{size=70}勇者の剣じゃないか！！！{/size}","{punch=3,1}{size=70}勇気之剣か！！！{/size}"
SAY.Flowchart.364.受付,,ええええええええええええええ！！！！！,あなや！あなや！
SAY.Flowchart.366.旅人,,新人さん、心して聞いてくれないか。,新人や、心して聞き給へ。
SAY.Flowchart.369.旅人,,この世界はせいぜい後一週間で終わる。,世の命、僅かに日頃なり。
SAY.Flowchart.371.{$player_name},,！？,！？
SAY.Flowchart.370.旅人,,さっきの大きな音、「二階のヌシ」って聞いたことあるか？,大きなる音を聞きては、其方、「二階のぬし」を知らぬか？
MENU.Flowchart.131,,二階？,二階？
MENU.Flowchart.132,,"""ヌシ""？",ぬし？
SAY.Flowchart.135.旅人,,"ああ、""ヌシ""はかつてこの地に封印された""ナイジェリアの主""のことだ。",ああ、”ぬし”とはかつてこの地に捕らえ封じたる物怪、”ナイジェリアのぬし”の事なり。
SAY.Flowchart.136.旅人,,100年前、この地でヌシを討伐したある勇者がその亡骸を二階の最奥「ナイジェリア」に封印したことからこの名で呼ばれている。,
SAY.Flowchart.137.旅人,,勇者の力は強力だった。しかし、100年という月日が流れた今、その封印の力は相当に弱まってしまっているようだ。,
SAY.Flowchart.138.旅人,,故に今、二階は魔物で溢れかえっている。,
SAY.Flowchart.139.旅人,,ああ、二階というのは、この街の上に位置する世界のことだ。,
SAY.Flowchart.140.旅人,,"かつては栄えた街であったが、100年前、ある勇者と""ヌシ""の戦いをきっかけにその全てが廃れてしまった。",
SAY.Flowchart.141.旅人,,"勇者は""ヌシ""を討伐し、その亡骸を二階の最奥「ナイジェリア」に封印した。\nこのため、そのヌシは「ナイジェリアの主」と呼ばれている。",
SAY.Flowchart.142.旅人,,しかし、今見た通りだ。100年という月日が流れた今、勇者の封印の力は相当に弱まってしまった。\n,
SAY.Flowchart.143.旅人,,故に今、二階は魔物で溢れかえっている。,
SAY.Flowchart.147.旅人,,封印がいつまで耐えられるのか、魔物はどこまで増え続けるのか。\nそれを調べるには二階の探索を進める必要があったが、広大で危険な大地を探索するには人手が足りなかった。,
SAY.Flowchart.148.旅人,,そこで立ち上げられたのが、この「冒険者ギルド」だ。\n我々の任務は「ヌシの復活を阻止すること」。,
SAY.Flowchart.149.旅人,,すまない、取り乱して話が長くなってしまった。\nまだこの世界に来てすぐなのにずっと会話していてもうんざりだろう。\nまずはその辺りを冒険してみるといいだろう。私はここで失礼するよ。,
SAY.Flowchart.157.受付,,二階かあ。君も興味あるかい？,
SAY.Flowchart.159.受付,,二階のことをもっと知りたいなら、「パチ」に聞いてみるといいよ。\nきっとこの階のどこかにいるはずだ。,
SAY.Flowchart.161.パチ,,"{punch=3,1}{size=70}おおおー、！君のその目！{/size}",
SAY.Flowchart.162.パチ,,分かるぞ、二階に行きたいんだろ！？,
SAY.Flowchart.163.パチ,,分かるぞ、、、,
SAY.Flowchart.164.パチ,,"僕は冒険者ギルド\n""迷える勇者たちにいい感じの一言をかける課""のパチだ！\n君の知りたいことを教えてくれ！",
MENU.Flowchart.166,,二階への行き方,
SAY.Flowchart.168.,,"いいか、まずこの世界は今、""１階""と""２階""で大きく隔てられている。\nそして今いるのが１階だ。",
SAY.Flowchart.373.,,君、「階段」って知ってるかい？,
MENU.Flowchart.375,,階段？,
MENU.Flowchart.377,,分からない,
SAY.Flowchart.331.受付,,パチなら二階について何か知ってるはずだ。\nその辺にいると思うから探してみな。,
SAY.Flowchart.379.パチ,,そうだな、崖は登ったことあると思うけど、あれって大変じゃん？\n昔の人たちは頭が良くて、沢山の小さな段差を少しづつ登っていく方法を編み出したんだよ。,
SAY.Flowchart.383.パチ,,ここにもその「階段」があって、右側の廊下を抜けると二階に簡単に辿り着けるんだ！,
SAY.Flowchart.384.パチ,,でもまずは一階をゆっくり探検するといいよ。\n二階は大変な世界だからね。大事な新人を手放すわけにはいかない。,
SAY.Flowchart.573.パチ,,"もしそれでも二階に行きたいというなら、""北西の森""に来てくれ。\nあそこにはモンスターがいるから、まずは腕試しをしよう。",
SAY.Flowchart.385.パチ,,それじゃ、僕は北西の森にいるよ。\n頑張れ！新人！,
SAY.Flowchart.387.パチ,,まずは一階をゆっくり探検してみな！,
SAY.Flowchart.392.パチ,,そうだな、ここが森だ。,
SAY.Flowchart.404.パチ,,ここは弱いモンスターの巣窟だから、\n少し歩けばすぐにモンスターが、、、\nって、うわ！,
SAY.Flowchart.427.パチ,,モンスターじゃないか！,
SAY.Flowchart.429.パチ,,出たなモンスター！あの、あ、あ\nすまねえ、俺さ、戦えねえんだわ。,
SAY.Flowchart.446.{$player_name},,！？,
SAY.Flowchart.430.パチ,,{$player_name}、集中して、敵に合わせて思いっきり剣を振るんだ！\nキミならできる！あとは頼んだ！,
SAY.Flowchart.416.{$player_name},,ここは危なそうだ。今は入るのはやめておこう。,
SAY.Flowchart.436.パチ,,"{punch=3,1}{size=70}{$player_name}！！！よくやった！！！{/size}",
SAY.Flowchart.437.パチ,,文句なし、期待していた通りだよ。,
SAY.Flowchart.438.パチ,,戦いの素質、底知れぬ勇気、\nそして何よりキミは僕の命の恩人だ。,
SAY.Flowchart.439.パチ,,冒険者ギルドには連絡しておくから、キミは二階に行って来な！キミならきっとできる！,
SAY.Flowchart.440.パチ,,二階の冒険も、ヌシの討伐もきっと・・・。,
SAY.Flowchart.452.,,モンスターを倒した！,
SAY.Flowchart.460.パチ,,それで、思いっきり剣を振ったんだ\nそしたらもう、あっという間だったよ！\n{$player_name}はすごいよ、本当に,
SAY.Flowchart.461.受付,,サインもらっときな〜〜,
SAY.Flowchart.468.{$player_name},,今はここを出るのは危なそうだ。,
SAY.Flowchart.475.{$player_name},,いくか。２階。,
SAY.Flowchart.497.作業員,,キミは冒険者かい？！,
SAY.Flowchart.502.作業員,,キミのような人が通りかかるのを待ち望んでいたよ・・・。\n少し困ったことがあって、良ければ助けてくれないか。,
SAY.Flowchart.506.作業員,,自己紹介が遅れてすまない。私はすぐ横の洞窟に派遣されて作業している作業員だ。\n発掘に明け暮れる日々で、今が何時かさえ分からないものだよ、ハハ。,
SAY.Flowchart.507.作業員,,事件が起きたのはついさっき。今日もいつも通り作業をしていて、\nそろそろ定時かななんて思いながら洞窟を出ようとした、ちょうどその時！！！,
SAY.Flowchart.508.作業員,,突然！目の前にモンスターが現れたんだ！！！,
SAY.Flowchart.509.作業員,,私は一目散に逃げ出してしまったよ。\n派遣社員は普段はモンスターなんてみないからね。,
SAY.Flowchart.510.作業員,,命こそ助かったから良かったのだが、\n一つ、洞窟に忘れ物をしてしまったんだ。,
SAY.Flowchart.511.作業員,,大した忘れ物じゃなければ良かったんだけれどもな、\n洞窟の奥のロッカーに、大事なシャベルを置いて来てしまった！,
SAY.Flowchart.512.作業員,,でも、モンスターがいる洞窟には入るなんて私には到底できないよ・・・。\n冒険者さん、どうかシャベルを取って来てくれないか！,
MENU.Flowchart.514,,任せて,
MENU.Flowchart.515,,OK,
SAY.Flowchart.500.作業員,,洞窟の一番奥にあるロッカーに「シャベル」を忘れたんだ。\nすまないが、頼んだよ。,
SAY.Flowchart.517.作業員,,ありがとう！！！\nすまないが、頼んだよ。,
SAY.Flowchart.544.{$player_name},,（ここかな？）,
SAY.Flowchart.549.,,シャベルを見つけた！,
SAY.Flowchart.550.,,作業員のところへ持っていこう。,
SAY.Flowchart.979.作業員,,洞窟の一番奥にあるロッカーに「シャベル」を忘れたんだ。\nすまないが、頼んだよ。,
MENU.Flowchart.555,,シャベルを渡す,
SAY.Flowchart.557.作業員,,{size=50}これは、シャベル！！！{/size},
SAY.Flowchart.558.作業員,,本当にモンスターを倒してシャベルを持って来てくれたのか！！！！！ありがとう！！！,
SAY.Flowchart.561.作業員,,君に頼んで良かったよ。これでまた仕事に戻れそうだ。\nそうだ、何かお礼できることはないかな...,
SAY.Flowchart.560.作業員,,あ、そうだ。\n大したものを持ってなくてすまないが、これをあげるよ。\nきっとどこかで役に立つ！,
SAY.Flowchart.559.,,「レポート」をもらった。,
SAY.Flowchart.562.作業員,,本当に助かったよ。君がどこに行くのかは分からないが、冒険がうまく行くと願ってる！,
SAY.Flowchart.564.,,人助けをした！えらい！,
SAY.Flowchart.572.作業員,,腕が鳴るなあ。今日も1日がんばろう！,
SAY.Flowchart.579.門番,,おっと、ここを簡単に通すわけにはいかないよ。\n君は何者かな？,
SAY.Flowchart.580.門番,,まあいい、君が何者かは私にはどうでも良い話だ。\nこの先は「ナイジェリア」。この世界では監獄のような扱いを受けてる場所だよ。,
SAY.Flowchart.583.門番,,この世界での使命を果たせなかった者たちの狭い世界だ。\n全く情けない...。,
SAY.Flowchart.582.門番,,私はナイジェリアの門番だ。ここを24時間監視している。\nなんでも収監者以外を通すわけにはいかないからね。,
SAY.Flowchart.581.門番,,君はどうも収監者には見えないが...どうかな？レポートも持ってないだろう？,
MENU.Flowchart.585,,レポートを差し出す,
SAY.Flowchart.587.門番,,！！,
SAY.Flowchart.588.門番,,......。,
SAY.Flowchart.589.門番,,チッ、なんだ収監者かよ。,
SAY.Flowchart.590.門番,,入りな。,
SAY.Flowchart.598.,,ナイジェリアに入りますか？,
MENU.Flowchart.597,,入る,
MENU.Flowchart.599,,今はやめておく,
SAY.Flowchart.610.,,（空気が一段と重くなった。）,
SAY.Flowchart.613.,,ついに、ついにか。ハッハッハ。,
SAY.Flowchart.615.ヌシ,,哀れな小僧もそれなりに足は動くようだな。”努力”とでも呼んでやろうか。,
SAY.Flowchart.617.ヌシ,,まあ驚くことはないがな。所詮は私の足元にも到底及ばない程度の小僧だ。,
SAY.Flowchart.619.ヌシ,,ここに来た気持ちはどうだ？{w=1}\n小僧、いや、{s=1}{$player_name}。{/s},
SAY.Flowchart.620.{$player_name},,？！,
SAY.Flowchart.628.ヌシ,,顔と名前は覚えている。多少なり私の記憶に残れたことを感謝したまえ。,
SAY.Flowchart.629.ヌシ,,だが図に乗るなよ。お前は特別でもなんでもない。\n誰であろうが私の前ではただの人間。あるいは、敵か？,
SAY.Flowchart.630.ヌシ,,実績、努力、何も関係ないことさ。\nお前が”この世界を救う勇者”だとでも言おうが、私から見ればそれは”偽りの勇者”。,
SAY.Flowchart.631.ヌシ,,せいぜいその剣を振ってみるんだな。お前の力を見せてみろ。,
SAY.Flowchart.643.,,鋭い一撃でヌシの右腕を薙ぎ払った。,
SAY.Flowchart.646.{$player_name},,剣が落ちた。今だ！＿＿＿＿＿＿＿,
SAY.Flowchart.657.,,「とどめだ！！！」,
SAY.Flowchart.658.,,精一杯に伸びた勇者の刃は、ボスを貫いた。,
SAY.Flowchart.659.,,瞬く閃光、燃えゆく巨体。 その姿はみるみるうちに崩れてゆく。,
SAY.Flowchart.660.,,・・・,
SAY.Flowchart.661.,,＿＿＿＿しかし、そこにボスの声が響いた。,
SAY.Flowchart.665.,,・・・,
SAY.Flowchart.891.,,・・・,
SAY.Flowchart.667.,,・・・,
SAY.Flowchart.662.,,「お前はこのゲームを知っている」,
SAY.Flowchart.668.,,・・・,
SAY.Flowchart.663.,,「ゲーム？なんの話だ…？」,
SAY.Flowchart.669.,,勇者はふと目を向ける。,
SAY.Flowchart.905.,,どこまでも続く光の中に...見覚えのある面影が見えた。,
SAY.Flowchart.671.,,あれは......僕？,
SAY.Flowchart.672.,,「しかし、結末を”覚えて”いなかったようだな。」,
SAY.Flowchart.675.,,その瞬間、背中に大きな刃が突き刺さった。,
SAY.Flowchart.677.{$player_name},,これは、一体….？！,
SAY.Flowchart.678.,,突然の情報量に勇者は混乱した。\n目の前が真っ暗になった。,
SAY.Flowchart.684.,,突如として記憶が流れ込んでくる。,
SAY.Flowchart.685.{$player_name},,これは・・・一階、いや、”キャンパス”？,
SAY.Flowchart.686.{$player_name},,誰かがいる。あれは、僕？,
SAY.Flowchart.687.,,僕のような、誰かがゲームをしている,
SAY.Flowchart.688.,,異世界転生した主人公が勇者として魔王を倒す王道RPG？,
SAY.Flowchart.689.,,ハッとする。気づいた。,
SAY.Flowchart.691.,,僕はこのゲームを遊んだことがある,
SAY.Flowchart.692.,,そして今いる世界は、まぎれもなくあのRPGの世界だ。,
SAY.Flowchart.693.,,僕は異世界転生を果たしたのか＿＿＿＿？,
SAY.Flowchart.695.,,だとすればこれはやはり、僕だ。,
SAY.Flowchart.694.,,そしてこれは、バットエンドだ。,
SAY.Flowchart.696.,,・・・,
SAY.Flowchart.697.,,記憶は続く。,
SAY.Flowchart.698.,,代々木で過ごす自分の姿、一番好きなゲームを遊ぶ自分の姿\nそして、全てを抱えて\n,
SAY.Flowchart.699.,,静かに、この世から消えた自分の姿,
SAY.Flowchart.700.,,今目の前にいるもう一人の自分は、その瞬間の自分にそっくりだった。,
SAY.Flowchart.701.,,自分に、とどめを刺したのか？\n消えゆく視界の中に、失望した僕の残像があった。,
SAY.Flowchart.702.,,・・・,
SAY.Flowchart.703.,,やがて、僕の姿は見えなくなった。\n次の日も、また次の日も。,
SAY.Flowchart.704.,,— ここでニュースをお伝えします。,
SAY.Flowchart.705.,,今朝8時、〇〇駅にて「何者かが駅に飛び込んだが姿を消した」と駅員から通報がありました。点検のため一部路線に遅れが生じましたが、先ほど復旧したとのことです。,
SAY.Flowchart.706.,,これに対し警察は、「飛び込んだ人物の行方を捜索する」と発表しています。—,
SAY.Flowchart.768.,,いらっしゃい。\nおや、見かけない顔だね。新人さんかな？,
SAY.Flowchart.769.,,ここは「冒険者ギルド」だ。\n君も冒険者になりたいなら、あっちで登録を済ませておいで。,
SAY.Flowchart.734.{$player_name},,？！,
SAY.Flowchart.752.受付,,どうしたんだい、冒険者さん。\nギルドの登録はこちらですよ〜,
SAY.Flowchart.756.{$player_name},,これは...,
SAY.Flowchart.757.{$player_name},,"""ロールプレイング""だ......。",
SAY.Flowchart.766.{$player_name},,この世界を、,
SAY.Flowchart.767.{$player_name},,"{punch=3,1}{size=70}あの終わりを変えなければ！！！{/size}{w=2}",
SAY.Flowchart.762.受付,,よーっ！新人さん！\nここは冒険者ギルドだ,
SAY.Flowchart.763.受付,,まずは登録から！\n登録する名前が決まったら声をかけてくれ！,
SAY.Flowchart.765.{$player_name},,受付さん、{w=1}\n{size=60}この村の歴史に一番詳しい人に会わせてください！{/size},
SAY.Flowchart.774.受付,,わ！急に大きな声出すからびっくりしたよ！！\n,
SAY.Flowchart.777.受付,,うーん、詳しい人・・・,
SAY.Flowchart.776.受付,,"あ、""ナレ爺""と話してみるといいんじゃないかな！この村の考古学者なんだ。",
SAY.Flowchart.778.受付,,"ただ会うのが少し難しいかもしれないね...\nあの人はいつも一階にいるんだけど、{w=1}\n""変装癖""があるから。",
MENU.Flowchart.780,,変装癖？,
SAY.Flowchart.783.受付,,"そうなんだよ！あのじいさん、\n今も""この村の人間に扮している""んだ。",
SAY.Flowchart.784.受付,,誰がそんなの気づけるのって。\n研究なのか趣味なのか知らないけど、ほんと困るよねえ。,
SAY.Flowchart.785.受付,,ナレ爺と話したかったら、とにかくひたすらに村の人間に話しかけてみるといいよ...。頑張って！,
SAY.Flowchart.788.受付,,やっべ、さっきの冒険者の登録忘れちまった！,
SAY.Flowchart.789.受付,,ん、{$player_name}...？\nって、いつのまにか登録書類が書かれてる！\nすごいな、あの新人。,
SAY.Flowchart.801.{$player_name},,モンスターが出る危険な森だ。ここにナレ爺はいないだろう。,
SAY.Flowchart.809.{$player_name},,ナレ爺は一階にいるらしい。今はナレ爺を探そう。,
MENU.Flowchart.821,,ナレ爺？,
SAY.Flowchart.823.ナレ爺,,ふぉっふぉっふぉ、呼ばれたら出るまでじゃのう。\nそれが承認欲求というものじゃ。,
SAY.Flowchart.833.ナレ爺,,最近は人間以外の変装にもチャレンジしておっての。少々手間を取らせてしまったかもしれないのう。ふぉっふぉっふぉ。,
SAY.Flowchart.827.ナレ爺,,そうじゃ、わしこそがこの村の考古学者「ナレ爺」じゃ。\nわしを見つけてくれた新人はおぬしが初めて。\nさあ、なんでもなんなりと聞いてくれたまえ。,
SAY.Flowchart.838.,,ここまでの経緯を話した。,
SAY.Flowchart.841.ナレ爺,,そうじゃのう、そういった話は過去に一度だけ聞いたことがある。,
SAY.Flowchart.842.ナレ爺,,異世界から来たと言った勇者がおってな、かつてこの世界を一度救ってくれたんじゃ。\n今は神話として語られるほど昔の話になるがな。,
SAY.Flowchart.843.ナレ爺,,勇者は３つの力を秘めた剣を揃えて携えたそうな。\n夢の剣、友情の剣、そして勇気の剣。\nこれらはひとつなぎに「Y」と呼ばれておった。,
SAY.Flowchart.844.,,"""勇気""、自分が持っている勇気の剣のことだとすれば、\nこの世界にはあと２本、剣がある...",
SAY.Flowchart.845.ナレ爺,,いやあ、しかし勇気の剣を持っているとは。,
SAY.Flowchart.846.ナレ爺,,おぬしの話はでたらめではないのかもしれんのう。\nかつての勇者は残りの２つの剣をも集めたとされている。それを巡ってみてはどうじゃ。,
SAY.Flowchart.847.ナレ爺,,友情の剣はEルームにまつわる伝説でよく耳にする。\nEルームに行くといいじゃろう。,
SAY.Flowchart.849.ナレ爺,,"話せるのはこんなところかのう。\nそれじゃ、頑張ってくれたまえ。""勇者""クン。",
SAY.Flowchart.855.,,Eルームに行ってみよう。,
SAY.Flowchart.864.ナレ爺,,今回は最高記録じゃのう。\n我ながらあっぱれな変装じゃ。,
SAY.Flowchart.870.TA1,,あ...どうしたの...？何か聞きたいことがあるのかな...？,
SAY.Flowchart.871.{$player_name},,あ、別に何も無いですよ、ただ声掛けてみました！,
SAY.Flowchart.872.TA1,,あ、そうなんだね.....！\n...えっと、今日は天気が良いね....,
SAY.Flowchart.873.TA1,,あ、雨だった....,
SAY.Flowchart.874.TA1,,......,
SAY.Flowchart.876.TA田中,,お、{$player_name}君おはよう〜！,
SAY.Flowchart.877.TA田中,,今日も、知恵の輪やってるんだけどさ〜\n全然解けないんだよね〜うーーん,
MENU.Flowchart.880,,ナレ爺？,
SAY.Flowchart.882.TA田中,,勇者くんもやる？,
SAY.Flowchart.883.TA田中,,あ、先生すみません、\nいや、いや、サボってません。許してください,
SAY.Flowchart.886.{$player_name},,もしかして、ナレ爺ですか？,
SAY.Flowchart.887.TA田中,,ん？,
SAY.Flowchart.889.TA田中,,何を変なこと言ってるんですか〜！,
SAY.Flowchart.890.TA田中,,え、もしかして私がお爺さんに見えるってこと？\n校長に言いつけますよ！！,
SAY.Flowchart.893.Sato,,{$player_name}君じゃん！\nそういえば世界が終わるのも後一週間だね...,
SAY.Flowchart.894.Sato,,なんか実感沸かないな...あ、,
SAY.Flowchart.895.Sato,,ヌシとかいうヤバい奴がずっといるから、\n異常事態に慣れてるのかも！！あはは、、,
MENU.Flowchart.898,,ナレ爺？,
SAY.Flowchart.900.{$player_name},,もしかして、、ナレ爺？,
SAY.Flowchart.901.Sato,,えー？なーに言ってんの！！\nそんなわけないじゃーん！,
SAY.Flowchart.902.Sato,,冗談だよね？\n本気で思ってたら、、,
SAY.Flowchart.904.Sato,,分឵឵឵឵឵឵឵឵឵឵឵឵឵឵឵឵឵឵឵឵឵឵឵឵か឵឵឵឵឵឵឵឵឵឵឵឵឵឵឵឵឵឵឵឵឵឵឵឵る឵឵឵឵឵឵឵឵឵឵឵឵឵឵឵឵឵឵឵឵឵឵឵឵よ឵឵឵឵឵឵឵឵឵឵឵឵឵឵឵឵឵឵឵឵឵឵឵឵ね឵឵឵឵឵឵឵឵឵឵឵឵឵឵឵឵឵឵឵឵឵឵឵឵？,
SAY.Flowchart.907.Nちゃん,,{$player_name}さんこんにちは！\n今日もヌシうるさいね...,
SAY.Flowchart.908.Nちゃん,,機嫌が悪いのかな？\nまあいっか。いつものことだし。,
SAY.Flowchart.909.Nちゃん,,ん？「この会話をRPGに載せていいかって？」,
SAY.Flowchart.910.Nちゃん,,あ、ちょっと名前はNGで、お願いします。\nNちゃんとかにしといてください。,
SAY.Flowchart.912.斎藤,,{$player_name}じゃん！久しぶり〜,
SAY.Flowchart.913.斎藤,,久しぶり！なんで、パソコンを開いてないの？,
SAY.Flowchart.914.斎藤,,なんか、パソコンのパスワードを忘れちゃって困ってるんだよね...何にしたっけ...,
SAY.Flowchart.916.斎藤,,あ！パスワードは「password」にしたんだ！！\n開いて良かった...ありがとう！,
MENU.Flowchart.919,,ナレ爺？,
SAY.Flowchart.921.{$player_name},,も឵឵឵឵឵し឵឵឵឵឵か឵឵឵឵឵し឵឵឵឵឵て឵឵឵឵឵、឵឵឵឵឵ナ឵឵឵឵឵レ឵឵឵឵឵爺,
SAY.Flowchart.922.斎藤,,は？,
SAY.Flowchart.923.{$player_name},,すみませんなんでもないです,
SAY.Flowchart.926.長谷川,,え！！！！,
SAY.Flowchart.927.長谷川,,人が来た！！\n久しぶりすぎて今感動してるよ！,
SAY.Flowchart.928.長谷川,,この部屋は話しちゃだめだから、人気がないんだよね。,
SAY.Flowchart.929.長谷川,,まあ、そもそもヌシがずっといるからそもそも二階は人気がないんだけどね！！,
SAY.Flowchart.930.長谷川,,え、じゃあ今なんで話してるかって？？,
SAY.Flowchart.959.長谷川,,別に話してないよ？ほら口動いてないでしょ？？,
SAY.Flowchart.960.{$player_name},,（地獄の環境のせいで、テレパシーを身につけてる、、）,
SAY.Flowchart.932.{$player_name},,こんにちは！！今は何してるの？？,
SAY.Flowchart.934.もも,,ごめんね、ももは今集中してるから話しかけないで欲しいな。,
SAY.Flowchart.935.{$player_name},,え、ごめん集中してたんだ。\nそれで、何をしてるの？,
SAY.Flowchart.937.もも,,......,
SAY.Flowchart.938.もも,,音ゲー！！今良い所だから話しかけないで！！,
SAY.Flowchart.939.{$player_name},,あ、ごめん..音ゲー中だったんだね...\nそれで今どの曲をプレイしてるの？？,
SAY.Flowchart.941.もも,,.........,
SAY.Flowchart.942.{$player_name},,そっか集中してるんだった...ごめんごめん\nそれで、どう？今良い感じ？？,
SAY.Flowchart.944.もも,,......,
SAY.Flowchart.945.{$player_name},,あーその曲か！\nちなみに自分は余裕でフルコンボ出来るんだよね！笑,
SAY.Flowchart.947.もも,,.......,
MENU.Flowchart.950,,ナレ爺？,
SAY.Flowchart.953.{$player_name},,あのーところでさ、、\n君って、ナレ爺とかだったりする？,
SAY.Flowchart.964.もも,,..............,
SAY.Flowchart.966.Nnnnnnn,,NNNNNNNNNNNNNNNNNNNNNNNNNNNNNNNNNNNNNNNNNNNNNNNNNNNNNNNNNNNNNNNNNNNNNNNNNNNNNNNNNNNNNNNNNNNNNNNNNNNNNNNNNNNNNNNNNNNNNNNNNNNNNNNNNNNNNNNNNNNN,
SAY.Flowchart.1027.Nnnnnnn,,NNNNNNNNNNNNNNNNNNNNNNNNNNNNNNNNNNNNNNNNNNNNNNNNNNNNNNNNNNNNNNNNNNNNNNNNNNNNNNNNNNNNNNNNNNNNNNNNNNNNNNNNNNNNNNNNNNNNNNNNNNNNNNNNNNNNNNNNNNNN,
SAY.Flowchart.1026.Nnnnnnn,,NNNNNNNNNNNNNNNNNNNNNNNNNNNNNNNNNNNNNNNNNNNNNNNNNNNNNNNNNNNNNNNNNNNNNNNNNNNNNNNNNNNNNNNNNNNNNNNNNNNNNNNNNNNNNNNNNNNNNNNNNNNNNNNNNNNNNNNNNNNN,
SAY.Flowchart.1025.Nnnnnnn,,NNNNNNNNNNNNNNNNNNNNNNNNNNNNNNNNNNNNNNNNNNNNNNNNNNNNNNNNNNNNNNNNNNNNNNNNNNNNNNNNNNNNNNNNNNNNNNNNNNNNNNNNNNNNNNNNNNNNNNNNNNNNNNNNNNNNNNNNNNNN,
SAY.Flowchart.1024.Nnnnnnn,,NNNNNNNNNNNNNNNNNNNNNNNNNNNNNNNNNNNNNNNNNNNNNNNNNNNNNNNNNNNNNNNNNNNNNNNNNNNNNNNNNNNNNNNNNNNNNNNNNNNNNNNNNNNNNNNNNNNNNNNNNNNNNNNNNNNNNNNNNNNN,
SAY.Flowchart.1023.Nnnnnnn,,NNNNNNNNNNNNNNNNNNNNNNNNNNNNNNNNNNNNNNNNNNNNNNNNNNNNNNNNNNNNNNNNNNNNNNNNNNNNNNNNNNNNNNNNNNNNNNNNNNNNNNNNNNNNNNNNNNNNNNNNNNNNNNNNNNNNNNNNNNNN,
SAY.Flowchart.1022.Nnnnnnn,,NNNNNNNNNNNNNNNNNNNNNNNNNNNNNNNNNNNNNNNNNNNNNNNNNNNNNNNNNNNNNNNNNNNNNNNNNNNNNNNNNNNNNNNNNNNNNNNNNNNNNNNNNNNNNNNNNNNNNNNNNNNNNNNNNNNNNNNNNNNN,
SAY.Flowchart.974.Nnnnnnn,,それでは問題です。,
SAY.Flowchart.975.Nnnnnnn,,アルファベットで14個目のアルファベットは何？,
MENU.Flowchart.977,,N,
MENU.Flowchart.978,,P,
SAY.Flowchart.981.Nnnnnnn,,正解！！次の問題です。,
SAY.Flowchart.982.Nnnnnnn,,窒素の元素記号は何？,
MENU.Flowchart.984,,N,
MENU.Flowchart.985,,H,
SAY.Flowchart.988.Nnnnnnn,,残念、不正解！！,
SAY.Flowchart.991.Nnnnnnn,,残念、不正解！！,
SAY.Flowchart.994.Nnnnnnn,,正解！！次の問題です。\n◯に入る文字を答えてください。,
SAY.Flowchart.995.Nnnnnnn,,"以下の公理を満たす4つ組（G, B, N, ◯）をティッツ系と呼びます。",
SAY.Flowchart.996.Nnnnnnn,,ただし G は群、B と N はその部分群であり、◯ は N/(B ∩ N) の部分集合である。,
SAY.Flowchart.997.Nnnnnnn,,1. 集合 B ∪ N は G を生成し、T = B ∩ G は N の正規部分群である。,
SAY.Flowchart.998.Nnnnnnn,,2. 集合 ◯ は群 W = N/T を生成し、◯ の元の位数は 2 である。,
SAY.Flowchart.999.Nnnnnnn,,"3. s ∈ ◯, w ∈ W ならば sBw ⊂ BwB ∪ BswB が成り立つ。",
SAY.Flowchart.1000.Nnnnnnn,,4. s ∈ ◯ ならば sBs!⊂B が成り立つ,
SAY.Flowchart.1001.Nnnnnnn,,B を G の（狭義の）ボレル部分群、T を G のカルタン部分群、W を G のワイル群と呼び、W の生成系 ◯ は W の優生成系あるいはルート系と呼ばれる。,
SAY.Flowchart.1002.Nnnnnnn,,"また、◯ の元はルートあるいは鏡映という。(W, ◯) はコクセター系を成し、特に生成系 ◯ の位数をティッツ系の階数と呼ぶ。",
SAY.Flowchart.1003.Nnnnnnn,,"(G, B, N, ◯) がティッツ系ならば、W のルート系 ◯ は (G, B, N)によって一意に決定される。そのため群 G はBN対あるいは (B, N)-対を持つともいう。",
SAY.Flowchart.1004.Nnnnnnn,,定義における B は一般線型群 GLn(K) の上半三角行列全体の成す群の類似であり、同じく T は正則対角行列の、N は T の正規化群のそれぞれ類似対応物である。,
MENU.Flowchart.1006,,A,
MENU.Flowchart.1007,,D,
MENU.Flowchart.1008,,G,
MENU.Flowchart.1009,,N,
MENU.Flowchart.1010,,P,
MENU.Flowchart.1011,,S,
SAY.Flowchart.1014.Nnnnnnn,,残念！！不正解！！！\n適当に答えずにしっかり問題文見ましょうね^^,
SAY.Flowchart.1017.Nnnnnnn,,正解！！すごいね！！,
SAY.Flowchart.1020.Nnnnnnn,,残念！！不正解！！！！,
SAY.Flowchart.1021.Nnnnnnn,,しっかり考えてから問題の解答をしましょうね^^,
SAY.Flowchart.1032.,,おやおや、Eルームへようこそ。やっと来客が来たね。,
SAY.Flowchart.1033.,,キミの目当ては、”友情の剣”、かな？,
SAY.Flowchart.1105.,,まあ、入りな。,
SAY.Flowchart.1038.名無しの勇者,,僕は名無しって呼ばれてる。これでも古くからの冒険者ギルドの立派な冒険者だよ。,
SAY.Flowchart.1039.名無しの勇者,,名前が無いわけじゃない。ただ一つに定まらないだけさ。,
SAY.Flowchart.1043.名無しの勇者,,ここに伝わる伝承があることは、きっとナレ爺から聞いただろう。\nよくここまで辿り着いてくれたね。”勇者”さん。,
SAY.Flowchart.1042.名無しの勇者,,その通り、ここは友情の剣に大きく関わる部屋だ。,
SAY.Flowchart.1041.名無しの勇者,,信じられるかい？二階はかつては大きな町だったんだ。\n人がいて、家があって、一階よりも大きな町だったんだよ。,
SAY.Flowchart.1040.名無しの勇者,,そしてこの部屋もかつては町だった。町外れだったけどね。\nここには泉があって、いつも賑わっていたんだよ。,
SAY.Flowchart.1046.名無しの勇者,,「友情の泉」なんて言われたモンさ。,
SAY.Flowchart.1048.名無しの勇者,,でも100年前、全てはヌシによって壊された。\n家も、町も、ここの泉も壊された。,
SAY.Flowchart.1056.名無しの勇者,,全てが壊され、やがて日常が壊されたんだ。,
SAY.Flowchart.1055.名無しの勇者,,そこに、一人の勇者が現れた。,
SAY.Flowchart.1054.名無しの勇者,,よそ行きの服装で、三本の剣を携えた勇者だ。,
SAY.Flowchart.1053.名無しの勇者,,勇者は三本の剣を合わせて振り、心に宿す強大な魔力でヌシを制圧したんだ。,
SAY.Flowchart.1121.名無しの勇者,,そして...,
SAY.Flowchart.1051.名無しの勇者,,勇者は消え、三本の剣はバラバラに。{w=1}\nでも、三本の剣はこの世界に残ったんだ。,
SAY.Flowchart.1050.名無しの勇者,,友情の剣は、ここ友情の泉に。,
SAY.Flowchart.1049.名無しの勇者,,夢の剣は、ナイジェリアに。,
SAY.Flowchart.1064.名無しの勇者,,勇気の剣は、どこかに消えてしまった。,
SAY.Flowchart.1063.名無しの勇者,,さあ、勇者さん。,
SAY.Flowchart.1062.名無しの勇者,,"もしキミの持っているその剣が本当に勇気の剣なら、\n集める剣は”あと""一本”だね。",
SAY.Flowchart.1061.{$player_name},,"あと""一本""...？",
SAY.Flowchart.1102.名無しの勇者,,友情の剣、夢の剣、そして勇気の剣。\n一本も欠かず三本を集めて初めて、ひとつなぎの剣「Y」は完成する。,
SAY.Flowchart.1060.名無しの勇者,,これ、友情の剣だよ。受け取って。,
SAY.Flowchart.1059.{$player_name},,？！,
SAY.Flowchart.1071.名無しの勇者,,なあに、簡単な話さ。\nただ僕が偶然友情の剣を持ってただけ。,
SAY.Flowchart.1070.名無しの勇者,,なんでだろうね。不思議な話だけど、今ここに友情の剣がある。,
SAY.Flowchart.1069.名無しの勇者,,そして何か試練があるわけでもなく、特別に飾ることもなく、\nただこうやって渡すだけだ。,
SAY.Flowchart.1068.名無しの勇者,,でも、友情ってそういうモンだと思わないかい？,
SAY.Flowchart.1067.名無しの勇者,,苦しくも夢の剣はヌシが持っている。\nキミはその二本で戦うしかないね。でもきっと大丈夫さ。,
SAY.Flowchart.1066.名無しの勇者,,剣を奪って、次はキミが伝説になるんだ。,
SAY.Flowchart.1065.名無しの勇者,,受け取りな。そして、頑張るんだよ、勇者さん。,
SAY.Flowchart.1074.,,「友情の剣」を受け取った！,
SAY.Flowchart.1098.{$player_name},,ヌシはすぐそこだ。,
SAY.Flowchart.1099.{$player_name},,戦うしか...ない！,
SAY.Flowchart.1127.{$player_name},,君はナレ爺かな？,
SAY.Flowchart.1128.Mosscama,,MOSSCAMA~~~~~,
SAY.Flowchart.1137.NATO,,もしかして、ナレ爺ですか？,
SAY.Flowchart.1138.NATO,,NATOOOOOOOOO!!!,
SAY.Flowchart.1139.NATO,,NATOの序文読みます,
SAY.Flowchart.1140.NATO,,The Parties to this Treaty reaffirm their faith in the purposes and principles of the Charter of,
SAY.Flowchart.1141.NATO,,the United Nations and their desire to live in peace with all peoples and all governments.,
SAY.Flowchart.1142.NATO,,"They are determined to safeguard the freedom, common heritage and civilisation of their peoples, founded on the principles of democracy,",
SAY.Flowchart.1143.NATO,,individual liberty and the rule of\nlaw. They seek to promote stability and well-being in the North Atlantic area.\n,
SAY.Flowchart.1144.NATO,,They are resolved to unite their efforts for collective defence and for the preservation of peace and security.,
SAY.Flowchart.1145.NATO,,They therefore agree to this North Atlantic Treaty:\nArticle 1\nThe Parties underta,
SAY.Flowchart.1146.{$player_name},,...,
SAY.Flowchart.1151.,,（空気が一段と重くなった。）,
SAY.Flowchart.1179.ヌシ,,ついに、ついにか。ハッハッハ。,
SAY.Flowchart.1157.ヌシ,,"なんて言うとでも思ったか。{w=1}\n""２週目""の小僧。",
SAY.Flowchart.1160.ヌシ,,ここはナイジェリア。{w=1}\n使命を果たさなかった者たちの監獄だ。,
SAY.Flowchart.1161.ヌシ,,ここにいる者は使命と戦う。{w=1}\nあるいは己との戦いか。,
SAY.Flowchart.1162.ヌシ,,何とも素晴らしい。\nこの世界は使命の元で平等なのだ。,
SAY.Flowchart.1163.ヌシ,,使命を課し、それを淡々とこなすだけの簡単な人生。{w=1}\n羨ましい。実に素晴らしいものではないか。,
SAY.Flowchart.1165.ヌシ,,やがて使命を遂げた者は世界の一節に戻る。,
SAY.Flowchart.1167.ヌシ,,"使命を遂げなかった者は、{w=1}\n""転生""する。{w=2}",
SAY.Flowchart.1169.ヌシ,,小僧、{w=1}お前はここに来て何を思う？,
SAY.Flowchart.1378.ヌシ,,{s=30}この広い世界の中で、この繰り返す世界で、\nお前は何を思う？{/s},
SAY.Flowchart.1174.ヌシ,,お前の使命を見せてみろ。,
SAY.Flowchart.1191.,,鋭い一撃でヌシの右腕を薙ぎ払った。,
SAY.Flowchart.1192.{$player_name},,剣が落ちた。今だ！＿＿＿＿＿＿＿,
SAY.Flowchart.1228.,,「夢の剣」を手に入れた。,
SAY.Flowchart.1231.,,ヌシが口を開く。,
SAY.Flowchart.1232.ヌシ,,私はお前の同位体だ。\nかつて結末をその身を持って体感しただろう。,
SAY.Flowchart.1233.ヌシ,,繋がった体は同じ代償を負う。\nお前が俺を倒した時、お前もまた、お前自身に倒されるのだ。,
SAY.Flowchart.1353.,,"そう。繋がっている。\nあの時見た、""失望した僕""を思い出した。",
SAY.Flowchart.1354.,,かつて僕が、世界と向き合うのをやめた日、\n生きる勇気を失った日。,
SAY.Flowchart.1355.,,"""ヌシ""は、まさにその時に生まれた、\n僕自身から生まれた厄災だ。",
SAY.Flowchart.1356.,,"今は、""向き合う時""だ。\n",
SAY.Flowchart.1236.,,ヌシが振りかざした一撃に、\n勇者は勇気の剣で切り掛かった。{w=1}その時だった。,
SAY.Flowchart.1237.,,{s=30}勇気の剣は、{flash=0.5}真っ二つに折れてしまった。{/s},
SAY.Flowchart.1243.,,{s=30}勇気の剣は、{w=1}偽物だった。{/s},
SAY.Flowchart.1242.,,しかし、勇者は気づいていた。,
SAY.Flowchart.1361.,,"勇者と長い旅路を共にした剣。\nたとえその剣が偽物だったとしても、\n自分自身が確かな""勇気""を手に入れていたことを。",
SAY.Flowchart.1360.,,"この旅路で一度も逃げずに戦い抜いた。\nそして今、僕はここにいる。\nそれこそが僕の示した使命、""勇気""だ！",
SAY.Flowchart.1244.,,間も無く、\n勇者は残り二本の剣を、{w=1}己の身体に向けた。,
SAY.Flowchart.1357.{$player_name},,"{punch=3,1}{size=70}勇気の剣はここにある！{/size}",
MENU.Flowchart.1301,,勇者を貫く,
SAY.Flowchart.1276.,,精一杯に伸びた勇者の刃は、,
SAY.Flowchart.1370.,,{s=1000}精一杯に伸びた勇者の刃は、{/s}{flash=0.3}{w=1}勇者を貫いた。,
SAY.Flowchart.1277.,,ここまでの冒険を成し遂げた勇者の携えた剣は、勇気の剣ではなかった。{w=1}\n勇気の剣は、勇者の心に宿っていた。,
SAY.Flowchart.1278.,,Yが完成する。その光はますます大きくなってゆく。,
SAY.Flowchart.1289.,,身体が弾けるほどの閃光は、気づけばヌシを貫いていた。,
SAY.Flowchart.1304.,,またあの姿が見えたような気がした。{w=1}\nしかし、彼の目は笑っていた。,
SAY.Flowchart.1323.,,起きた！？起きたぞ！！,
SAY.Flowchart.1324.,,ここは一体・・・？,
SAY.Flowchart.1325.,,見知らぬ天井、{w=1}僕は病床に入っていた。,
SAY.Flowchart.1326.,,そして目の前には、{w=1}\n懐かしい友達の姿の数々があった。,
SAY.Flowchart.1335.,,今僕はこうして生きている。,
SAY.Flowchart.1336.,,あの世界はなんだったのかはわからない。\nしかし、Yが揃ったように心に何かを取り戻したように思えた。,
SAY.Flowchart.1337.,,僕はゲームに救われた。{w=1}\nただその事実が胸に残っていた。,
SAY.Flowchart.1350.,,夢の剣、友情の剣、そして、勇気の剣。\n全てが確かに心の中に残っていた。,
SAY.Flowchart.1340.,,やがて進路を見据え直した僕は、ゲーム会社に就職した。,
SAY.Flowchart.1341.,,ゲームで人を楽しませたい、そして救いたい。\n自分の経験からそんな思いが芽生えたからだ。,
SAY.Flowchart.1342.,,さらに数年、開発に専念し続けていた僕は、\nふと制作メンバーに声をかける。,
SAY.Flowchart.1343.,,「作りたいゲームがあるんだ。」,
SAY.Flowchart.1344.,,友達を連れ、夢を持って、強い決心で開発は始まった。,
SAY.Flowchart.1351.,,何度も挫折し、時には友情をも危うくしながらも、勇気を持って日々開発に励んだ。,
SAY.Flowchart.1345.,,そして、長い歳月の末、ゲームは完成した。,
SAY.Flowchart.1346.,,異世界転生した主人公が勇者として魔王を倒す王道RPGだ。,
SAY.Flowchart.1347.,,{s=20}名前は、{w=1}「Y-RPG」である。{/s},
SAY.Flowchart.1376.,,『Y-RPG』{w=1}\n制作：Y-RPGめんめんめんめ,
SAY.Flowchart.1392.パチ,,パチパチパチパチパチパチパチパチ！！,
SAY.Flowchart.1391.パチ,,パチモン、ゲットだぜ！！！！,
SAY.BattleFlowchart.384.ヌシ,,さあ、始めようか。,
SAY.BattleFlowchart.188.,,{$enemy_name}(Lv.{$enemy_lv})が現れた！,
MENU.BattleFlowchart.216,,攻撃,
SAY.BattleFlowchart.375.,,{$_player_name}の攻撃！ クリティカル！{$enemy_name}に{$damage}ダメージ！,
SAY.BattleFlowchart.376.,,{$_player_name}の攻撃！ {$enemy_name}に{$damage}ダメージ！,
SAY.BattleFlowchart.275.,,{$enemy_name}の攻撃！\n{$_player_name}に{$damage}ダメージ！,
SAY.BattleFlowchart.281.,,{$enemy_name}を倒した！,
SAY.BattleFlowchart.288.,,{$_player_name}は倒れた。,
CHARACTER.作業員,"NPCの作成手順：\n1. NameText ・オブジェクト名を好きな名前に変更\n2. SpriteRendererのSpriteに見た目のファイルを突っ込む\n3. NPCManagerのFlowchartにFlowchartを紐付け\n4. 同様にPlayerを紐付け\n\nNPCに会話を導入：\n1. NPCManagerのMessageに任意の文字列を入れる\n2. FlowchartWindowからブロックを追加\n3. ExecuteOnEventにMessage Recievedを設定\n4. +ボタンで会話を追加\n\nNPCを歩かせる：\n1. NPCAnimController・Animatorを有効化\n2. アニメーションを作成→Animatorに紐付け\n3. スクリプトからWalk(string 方向, int 秒);で移動",作業員,
CHARACTER.ヌシ,"NPCの作成手順：\n1. NameText ・オブジェクト名を好きな名前に変更\n2. SpriteRendererのSpriteに見た目のファイルを突っ込む\n3. NPCManagerのFlowchartにFlowchartを紐付け\n4. 同様にPlayerを紐付け\n\nNPCに会話を導入：\n1. NPCManagerのMessageに任意の文字列を入れる\n2. FlowchartWindowからブロックを追加\n3. ExecuteOnEventにMessage Recievedを設定\n4. +ボタンで会話を追加\n\nNPCを歩かせる：\n1. NPCAnimController・Animatorを有効化\n2. アニメーションを作成→Animatorに紐付け\n3. スクリプトからWalk(string 方向, int 秒);で移動",ヌシ,
CHARACTER.{$player_name},"NPCの作成手順：\n1. NameText ・オブジェクト名を好きな名前に変更\n2. SpriteRendererのSpriteに見た目のファイルを突っ込む\n3. NPCManagerのFlowchartにFlowchartを紐付け\n4. 同様にPlayerを紐付け\n\nNPCに会話を導入：\n1. NPCManagerのMessageに任意の文字列を入れる\n2. FlowchartWindowからブロックを追加\n3. ExecuteOnEventにMessage Recievedを設定\n4. +ボタンで会話を追加\n\nNPCを歩かせる：\n1. NPCAnimController・Animatorを有効化\n2. アニメーションを作成→Animatorに紐付け\n3. スクリプトからWalk(string 方向, int 秒);で移動",{$player_name},
CHARACTER.NPC,"NPCの作成手順：\n1. NameText ・オブジェクト名を好きな名前に変更\n2. SpriteRendererのSpriteに見た目のファイルを突っ込む\n3. NPCManagerのFlowchartにFlowchartを紐付け\n4. 同様にPlayerを紐付け\n\nNPCに会話を導入：\n1. NPCManagerのMessageに任意の文字列を入れる\n2. FlowchartWindowからブロックを追加\n3. ExecuteOnEventにMessage Recievedを設定\n4. +ボタンで会話を追加\n\nNPCを歩かせる：\n1. NPCAnimController・Animatorを有効化\n2. アニメーションを作成→Animatorに紐付け\n3. スクリプトからWalk(string 方向, int 秒);で移動",NPC,
CHARACTER.ナレ爺,"NPCの作成手順：\n1. NameText ・オブジェクト名を好きな名前に変更\n2. SpriteRendererのSpriteに見た目のファイルを突っ込む\n3. NPCManagerのFlowchartにFlowchartを紐付け\n4. 同様にPlayerを紐付け\n\nNPCに会話を導入：\n1. NPCManagerのMessageに任意の文字列を入れる\n2. FlowchartWindowからブロックを追加\n3. ExecuteOnEventにMessage Recievedを設定\n4. +ボタンで会話を追加\n\nNPCを歩かせる：\n1. NPCAnimController・Animatorを有効化\n2. アニメーションを作成→Animatorに紐付け\n3. スクリプトからWalk(string 方向, int 秒);で移動",ナレ爺,
CHARACTER.Mosscama,"NPCの作成手順：\n1. NameText ・オブジェクト名を好きな名前に変更\n2. SpriteRendererのSpriteに見た目のファイルを突っ込む\n3. NPCManagerのFlowchartにFlowchartを紐付け\n4. 同様にPlayerを紐付け\n\nNPCに会話を導入：\n1. NPCManagerのMessageに任意の文字列を入れる\n2. FlowchartWindowからブロックを追加\n3. ExecuteOnEventにMessage Recievedを設定\n4. +ボタンで会話を追加\n\nNPCを歩かせる：\n1. NPCAnimController・Animatorを有効化\n2. アニメーションを作成→Animatorに紐付け\n3. スクリプトからWalk(string 方向, int 秒);で移動",Mosscama,
CHARACTER.NATO,NPCの作成手順：\n1. NameText ・オブジェクト名を好きな名前に変更\n2. SpriteRendererのSpriteに見た目のファイルを突っ込む\n\nNPCに会話を導入：\n1. MessageTriggerのMessageに任意の文字列を入れる\n2. FlowchartWindowからブロックを追加\n3. ExecuteOnEventにMessage Recievedを設定\n4. +ボタンで会話を追加,NATO,
CHARACTER.名無しの勇者,"NPCの作成手順：\n1. NameText ・オブジェクト名を好きな名前に変更\n2. SpriteRendererのSpriteに見た目のファイルを突っ込む\n3. NPCManagerのFlowchartにFlowchartを紐付け\n4. 同様にPlayerを紐付け\n\nNPCに会話を導入：\n1. NPCManagerのMessageに任意の文字列を入れる\n2. FlowchartWindowからブロックを追加\n3. ExecuteOnEventにMessage Recievedを設定\n4. +ボタンで会話を追加\n\nNPCを歩かせる：\n1. NPCAnimController・Animatorを有効化\n2. アニメーションを作成→Animatorに紐付け\n3. スクリプトからWalk(string 方向, int 秒);で移動",名無しの勇者,
CHARACTER.門番,"NPCの作成手順：\n1. NameText ・オブジェクト名を好きな名前に変更\n2. SpriteRendererのSpriteに見た目のファイルを突っ込む\n3. NPCManagerのFlowchartにFlowchartを紐付け\n4. 同様にPlayerを紐付け\n\nNPCに会話を導入：\n1. NPCManagerのMessageに任意の文字列を入れる\n2. FlowchartWindowからブロックを追加\n3. ExecuteOnEventにMessage Recievedを設定\n4. +ボタンで会話を追加\n\nNPCを歩かせる：\n1. NPCAnimController・Animatorを有効化\n2. アニメーションを作成→Animatorに紐付け\n3. スクリプトからWalk(string 方向, int 秒);で移動",門番,
CHARACTER.もも,"NPCの作成手順：\n1. NameText ・オブジェクト名を好きな名前に変更\n2. SpriteRendererのSpriteに見た目のファイルを突っ込む\n3. NPCManagerのFlowchartにFlowchartを紐付け\n4. 同様にPlayerを紐付け\n\nNPCに会話を導入：\n1. NPCManagerのMessageに任意の文字列を入れる\n2. FlowchartWindowからブロックを追加\n3. ExecuteOnEventにMessage Recievedを設定\n4. +ボタンで会話を追加\n\nNPCを歩かせる：\n1. NPCAnimController・Animatorを有効化\n2. アニメーションを作成→Animatorに紐付け\n3. スクリプトからWalk(string 方向, int 秒);で移動",もも,
CHARACTER.斎藤,"NPCの作成手順：\n1. NameText ・オブジェクト名を好きな名前に変更\n2. SpriteRendererのSpriteに見た目のファイルを突っ込む\n3. NPCManagerのFlowchartにFlowchartを紐付け\n4. 同様にPlayerを紐付け\n\nNPCに会話を導入：\n1. NPCManagerのMessageに任意の文字列を入れる\n2. FlowchartWindowからブロックを追加\n3. ExecuteOnEventにMessage Recievedを設定\n4. +ボタンで会話を追加\n\nNPCを歩かせる：\n1. NPCAnimController・Animatorを有効化\n2. アニメーションを作成→Animatorに紐付け\n3. スクリプトからWalk(string 方向, int 秒);で移動",斎藤,
CHARACTER.Sato,"NPCの作成手順：\n1. NameText ・オブジェクト名を好きな名前に変更\n2. SpriteRendererのSpriteに見た目のファイルを突っ込む\n3. NPCManagerのFlowchartにFlowchartを紐付け\n4. 同様にPlayerを紐付け\n\nNPCに会話を導入：\n1. NPCManagerのMessageに任意の文字列を入れる\n2. FlowchartWindowからブロックを追加\n3. ExecuteOnEventにMessage Recievedを設定\n4. +ボタンで会話を追加\n\nNPCを歩かせる：\n1. NPCAnimController・Animatorを有効化\n2. アニメーションを作成→Animatorに紐付け\n3. スクリプトからWalk(string 方向, int 秒);で移動",Sato,
CHARACTER.受付,"NPCの作成手順：\n1. NameText ・オブジェクト名を好きな名前に変更\n2. SpriteRendererのSpriteに見た目のファイルを突っ込む\n3. NPCManagerのFlowchartにFlowchartを紐付け\n4. 同様にPlayerを紐付け\n\nNPCに会話を導入：\n1. NPCManagerのMessageに任意の文字列を入れる\n2. FlowchartWindowからブロックを追加\n3. ExecuteOnEventにMessage Recievedを設定\n4. +ボタンで会話を追加\n\nNPCを歩かせる：\n1. NPCAnimController・Animatorを有効化\n2. アニメーションを作成→Animatorに紐付け\n3. スクリプトからWalk(string 方向, int 秒);で移動",受付,
CHARACTER.TA田中,"NPCの作成手順：\n1. NameText ・オブジェクト名を好きな名前に変更\n2. SpriteRendererのSpriteに見た目のファイルを突っ込む\n3. NPCManagerのFlowchartにFlowchartを紐付け\n4. 同様にPlayerを紐付け\n\nNPCに会話を導入：\n1. NPCManagerのMessageに任意の文字列を入れる\n2. FlowchartWindowからブロックを追加\n3. ExecuteOnEventにMessage Recievedを設定\n4. +ボタンで会話を追加\n\nNPCを歩かせる：\n1. NPCAnimController・Animatorを有効化\n2. アニメーションを作成→Animatorに紐付け\n3. スクリプトからWalk(string 方向, int 秒);で移動",TA田中,
CHARACTER.長谷川,"NPCの作成手順：\n1. NameText ・オブジェクト名を好きな名前に変更\n2. SpriteRendererのSpriteに見た目のファイルを突っ込む\n3. NPCManagerのFlowchartにFlowchartを紐付け\n4. 同様にPlayerを紐付け\n\nNPCに会話を導入：\n1. NPCManagerのMessageに任意の文字列を入れる\n2. FlowchartWindowからブロックを追加\n3. ExecuteOnEventにMessage Recievedを設定\n4. +ボタンで会話を追加\n\nNPCを歩かせる：\n1. NPCAnimController・Animatorを有効化\n2. アニメーションを作成→Animatorに紐付け\n3. スクリプトからWalk(string 方向, int 秒);で移動",長谷川,
CHARACTER.旅人,"NPCの作成手順：\n1. NameText ・オブジェクト名を好きな名前に変更\n2. SpriteRendererのSpriteに見た目のファイルを突っ込む\n3. NPCManagerのFlowchartにFlowchartを紐付け\n4. 同様にPlayerを紐付け\n\nNPCに会話を導入：\n1. NPCManagerのMessageに任意の文字列を入れる\n2. FlowchartWindowからブロックを追加\n3. ExecuteOnEventにMessage Recievedを設定\n4. +ボタンで会話を追加\n\nNPCを歩かせる：\n1. NPCAnimController・Animatorを有効化\n2. アニメーションを作成→Animatorに紐付け\n3. スクリプトからWalk(string 方向, int 秒);で移動",旅人,
CHARACTER.パチ,"NPCの作成手順：\n1. NameText ・オブジェクト名を好きな名前に変更\n2. SpriteRendererのSpriteに見た目のファイルを突っ込む\n3. NPCManagerのFlowchartにFlowchartを紐付け\n4. 同様にPlayerを紐付け\n\nNPCに会話を導入：\n1. NPCManagerのMessageに任意の文字列を入れる\n2. FlowchartWindowからブロックを追加\n3. ExecuteOnEventにMessage Recievedを設定\n4. +ボタンで会話を追加\n\nNPCを歩かせる：\n1. NPCAnimController・Animatorを有効化\n2. アニメーションを作成→Animatorに紐付け\n3. スクリプトからWalk(string 方向, int 秒);で移動",パチ,
CHARACTER.Nちゃん,"NPCの作成手順：\n1. NameText ・オブジェクト名を好きな名前に変更\n2. SpriteRendererのSpriteに見た目のファイルを突っ込む\n3. NPCManagerのFlowchartにFlowchartを紐付け\n4. 同様にPlayerを紐付け\n\nNPCに会話を導入：\n1. NPCManagerのMessageに任意の文字列を入れる\n2. FlowchartWindowからブロックを追加\n3. ExecuteOnEventにMessage Recievedを設定\n4. +ボタンで会話を追加\n\nNPCを歩かせる：\n1. NPCAnimController・Animatorを有効化\n2. アニメーションを作成→Animatorに紐付け\n3. スクリプトからWalk(string 方向, int 秒);で移動",Nちゃん,
CHARACTER.TA1,"NPCの作成手順：\n1. NameText ・オブジェクト名を好きな名前に変更\n2. SpriteRendererのSpriteに見た目のファイルを突っ込む\n3. NPCManagerのFlowchartにFlowchartを紐付け\n4. 同様にPlayerを紐付け\n\nNPCに会話を導入：\n1. NPCManagerのMessageに任意の文字列を入れる\n2. FlowchartWindowからブロックを追加\n3. ExecuteOnEventにMessage Recievedを設定\n4. +ボタンで会話を追加\n\nNPCを歩かせる：\n1. NPCAnimController・Animatorを有効化\n2. アニメーションを作成→Animatorに紐付け\n3. スクリプトからWalk(string 方向, int 秒);で移動",TA1,
CHARACTER.Nnnnnnn,"NPCの作成手順：\n1. NameText ・オブジェクト名を好きな名前に変更\n2. SpriteRendererのSpriteに見た目のファイルを突っ込む\n3. NPCManagerのFlowchartにFlowchartを紐付け\n4. 同様にPlayerを紐付け\n\nNPCに会話を導入：\n1. NPCManagerのMessageに任意の文字列を入れる\n2. FlowchartWindowからブロックを追加\n3. ExecuteOnEventにMessage Recievedを設定\n4. +ボタンで会話を追加\n\nNPCを歩かせる：\n1. NPCAnimController・Animatorを有効化\n2. アニメーションを作成→Animatorに紐付け\n3. スクリプトからWalk(string 方向, int 秒);で移動",Nnnnnnn,